<?xml version="1.0" encoding="UTF-8"?>  
<!DOCTYPE hibernate-mapping PUBLIC "-//Hibernate/Hibernate Mapping DTD 3.0//EN"  
"http://hibernate.sourceforge.net/hibernate-mapping-3.0.dtd">

<hibernate-mapping>
	<class name="com.model.Admin" table="admin">  
        <id name="id" type="java.lang.Integer" column="id">  
        <!--  主键生成策略 -->  
        <generator class="increment"></generator>  
        </id>  
        <property name="name" type="string" column="name" length="50"></property>  
        <property name="password" type="string" column="password" length="50"></property>         
    </class>
</hibernate-mapping>